feature,class,mean,std,fisher_score,auc_ovr,n,baseline_mean,baseline_std,sim_normal_mean,sim_normal_std
X1,正常,9.930420209756099,0.013667310643026741,0.14942634033055374,0.3111333333333334,100,-9.94680887957317,0.045197849403223765,9.930420209756099,0.013667310643026741
X1,幅度失准,9.933684509756098,0.008105960317118374,0.07270495064008298,0.41291666666666665,100,-9.94680887957317,0.045197849403223765,9.930420209756099,0.013667310643026741
X1,频率失准,9.933073162195122,9.410423358948497e-07,0.08954069314595209,0.44808333333333333,100,-9.94680887957317,0.045197849403223765,9.930420209756099,0.013667310643026741
X1,参考电平失准,9.965544658536585,0.049411394352080244,0.43481181420949994,0.8278666666666666,100,-9.94680887957317,0.045197849403223765,9.930420209756099,0.013667310643026741
X10,正常,0.015044715452451245,0.004646480054299204,0.15956906360155268,0.3778666666666667,100,0.01670801936562413,0.006367831510332792,0.015044715452451245,0.004646480054299204
X10,幅度失准,0.02865442721300149,0.0169420288090979,0.5537947453564566,0.7343333333333333,100,0.01670801936562413,0.006367831510332792,0.015044715452451245,0.004646480054299204
X10,频率失准,0.015451461466156877,0.003272730790023292,0.13237214699853098,0.4052,100,0.01670801936562413,0.006367831510332792,0.015044715452451245,0.004646480054299204
X10,参考电平失准,0.01641382822719167,0.004859564672727101,0.06416624303764155,0.4825999999999999,100,0.01670801936562413,0.006367831510332792,0.015044715452451245,0.004646480054299204
X11,正常,0.00020731707317073167,0.0011184329778741462,0.07187537742055496,0.42081666666666667,100,0.0011432926829268292,0.007730552517245564,0.00020731707317073167,0.0011184329778741462
X11,幅度失准,0.044890243902439016,0.09066623244040495,0.24010955583681054,0.7396333333333334,100,0.0011432926829268292,0.007730552517245564,0.00020731707317073167,0.0011184329778741462
X11,频率失准,0.0007560975609756099,0.003645423654781916,0.06481827584561788,0.4410333333333334,100,0.0011432926829268292,0.007730552517245564,0.00020731707317073167,0.0011184329778741462
X11,参考电平失准,0.0003658536585365854,0.002702258512946383,0.06975792883553326,0.3985166666666667,100,0.0011432926829268292,0.007730552517245564,0.00020731707317073167,0.0011184329778741462
X12,正常,0.00046077756115719737,0.002475995049292847,0.12034176422131863,0.4204,100,0.0019314217119944799,0.007677802418961262,0.00046077756115719737,0.002475995049292847
X12,幅度失准,0.02268986908471117,0.032613577782949404,0.44587342049689066,0.7421666666666666,100,0.0019314217119944799,0.007677802418961262,0.00046077756115719737,0.002475995049292847
X12,频率失准,0.0016063395447160466,0.007455668508920116,0.0714492945914418,0.44120000000000004,100,0.0019314217119944799,0.007677802418961262,0.00046077756115719737,0.002475995049292847
X12,参考电平失准,2.786185008721631e-05,0.0001974830919523035,0.1410377686549417,0.3962333333333333,100,0.0019314217119944799,0.007677802418961262,0.00046077756115719737,0.002475995049292847
X13,正常,0.38622011055939665,0.2588486513837098,0.20896030351320227,0.3866666666666667,100,0.2018880156186028,0.1163379367840786,0.38622011055939665,0.2588486513837098
X13,幅度失准,0.4516321542468249,0.6701377078830407,0.06483607631474188,0.2964,100,0.2018880156186028,0.1163379367840786,0.38622011055939665,0.2588486513837098
X13,频率失准,0.6285807169332521,0.4496328494246613,0.0010298927854878461,0.5646,100,0.2018880156186028,0.1163379367840786,0.38622011055939665,0.2588486513837098
X13,参考电平失准,0.9770275524633005,0.5411592826073675,0.43915980885980493,0.7523333333333333,100,0.2018880156186028,0.1163379367840786,0.38622011055939665,0.2588486513837098
X14,正常,0.015382220757008349,0.00464171369005208,0.06430121534050477,0.5157666666666667,100,0.0098567708333333,0.011003446716874777,0.015382220757008349,0.00464171369005208
X14,幅度失准,0.03534081079612516,0.019335910376439832,1.214863693292385,0.897,100,0.0098567708333333,0.011003446716874777,0.015382220757008349,0.00464171369005208
X14,频率失准,0.010053253546128411,0.0049515696589459614,0.4910500002232238,0.1902,100,0.0098567708333333,0.011003446716874777,0.015382220757008349,0.00464171369005208
X14,参考电平失准,0.013768879080583156,0.006509553686414891,0.1400112972214347,0.3970333333333333,100,0.0098567708333333,0.011003446716874777,0.015382220757008349,0.00464171369005208
X15,正常,0.019888893544004783,0.004977732072776859,0.00730398235032972,0.5646333333333333,100,0.009641907400696174,0.004391722387002499,0.019888893544004783,0.004977732072776859
X15,幅度失准,0.035451951615252504,0.017922763435241556,1.001240879851537,0.8764,100,0.009641907400696174,0.004391722387002499,0.019888893544004783,0.004977732072776859
X15,频率失准,0.012038430311757154,0.006054256088881821,0.5809225809194338,0.1797,100,0.009641907400696174,0.004391722387002499,0.019888893544004783,0.004977732072776859
X15,参考电平失准,0.016384143192951915,0.008100280109631763,0.128242566623882,0.37926666666666664,100,0.009641907400696174,0.004391722387002499,0.019888893544004783,0.004977732072776859
X16,正常,0.0015528804874174141,0.013083764998686374,0.003785001356376728,0.46146666666666664,100,-8.609646108576454,68.30943673414812,0.0015528804874174141,0.013083764998686374
X16,幅度失准,-4.311004880768833,40.12155577831638,0.011590380011039304,0.5684666666666667,100,-8.609646108576454,68.30943673414812,0.0015528804874174141,0.013083764998686374
X16,频率失准,0.024169391659719403,0.16719204574399965,0.003946269956131903,0.5280666666666668,100,-8.609646108576454,68.30943673414812,0.0015528804874174141,0.013083764998686374
X16,参考电平失准,-0.00040368522765999544,0.010454313368229948,0.0037711973500247965,0.442,100,-8.609646108576454,68.30943673414812,0.0015528804874174141,0.013083764998686374
X17,正常,0.0,0.0,0.018911617136240816,0.5216666666666666,100,0.0,0.0,0.0,0.0
X17,幅度失准,-5.0000000000005595e-06,0.00011169153951844098,0.007472724555371407,0.5211,100,0.0,0.0,0.0,0.0
X17,频率失准,-6.499999999999284e-05,0.00026129485260904963,0.054618352371584994,0.43556666666666666,100,0.0,0.0,0.0,0.0
X17,参考电平失准,0.0,0.0,0.018911617136240816,0.5216666666666666,100,0.0,0.0,0.0,0.0
X18,正常,0.0,0.0,0.0,0.5,100,0.0,0.0,0.0,0.0
X18,幅度失准,0.0,7.071067811865475e-05,0.0,0.5,100,0.0,0.0,0.0,0.0
X18,频率失准,0.0,0.00015811388300841897,0.0,0.5,100,0.0,0.0,0.0,0.0
X18,参考电平失准,0.0,0.0,0.0,0.5,100,0.0,0.0,0.0,0.0
X19,正常,-3.999978252864895e-05,0.00013621316022357762,0.04034100100073094,0.5731,100,-6.189429211181138e-05,0.00012412201128121162,-3.999978252864895e-05,0.00013621316022357762
X19,幅度失准,-9.791688019906958e-05,0.00020673043351146316,0.019662493592776976,0.4415666666666667,100,-6.189429211181138e-05,0.00012412201128121162,-3.999978252864895e-05,0.00013621316022357762
X19,频率失准,-7.15297369772975e-05,9.596118717116892e-05,6.597283020488065e-06,0.4964,100,-6.189429211181138e-05,0.00012412201128121162,-3.999978252864895e-05,0.00013621316022357762
X19,参考电平失准,-7.819617489512793e-05,0.00015375763699657842,0.0014421651780129874,0.48893333333333333,100,-6.189429211181138e-05,0.00012412201128121162,-3.999978252864895e-05,0.00013621316022357762
X2,正常,0.0012541049076284167,0.00025441916012838514,0.05588647126870118,0.5161,100,0.0007745784689173089,0.0004814415975746849,0.0012541049076284167,0.00025441916012838514
X2,幅度失准,0.0024904193708326413,0.001982922322743161,0.4404295893321159,0.8177666666666668,100,0.0007745784689173089,0.0004814415975746849,0.0012541049076284167,0.00025441916012838514
X2,频率失准,0.001021675541001228,0.00020920233577045484,0.2269334020994341,0.2042,100,0.0007745784689173089,0.0004814415975746849,0.0012541049076284167,0.00025441916012838514
X2,参考电平失准,0.001212166265986776,0.00026538358072628103,0.07732824181540082,0.46193333333333336,100,0.0007745784689173089,0.0004814415975746849,0.0012541049076284167,0.00025441916012838514
X20,正常,0.03352892624478093,0.3033830353719446,0.09060780117613947,0.6170333333333333,100,0.25232423271708965,0.9763412472692526,0.03352892624478093,0.3033830353719446
X20,幅度失准,-0.30423828113125,0.32100997973918877,0.5018400344698991,0.23726666666666665,100,0.25232423271708965,0.9763412472692526,0.03352892624478093,0.3033830353719446
X20,频率失准,-0.003489732512589865,0.26508174709205756,0.039374397991800765,0.5800666666666666,100,0.25232423271708965,0.9763412472692526,0.03352892624478093,0.3033830353719446
X20,参考电平失准,-0.0033765879980686675,0.3372936954950653,0.03442087839448894,0.5656333333333333,100,0.25232423271708965,0.9763412472692526,0.03352892624478093,0.3033830353719446
X21,正常,4.34,2.8990343219768886,0.06153789811216043,0.5871666666666667,100,5.15625,2.4058441216130357,4.34,2.8990343219768886
X21,幅度失准,2.38,2.2216210297888344,0.23580278584841638,0.3033166666666667,100,5.15625,2.4058441216130357,4.34,2.8990343219768886
X21,频率失准,3.87,2.119693374052011,0.008425256020677115,0.5674166666666668,100,5.15625,2.4058441216130357,4.34,2.8990343219768886
X21,参考电平失准,3.93,2.7395437576355666,0.011309391978014368,0.5421,100,5.15625,2.4058441216130357,4.34,2.8990343219768886
X22,正常,0.041178297146369204,0.007715539047791193,0.16441210109904203,0.367,100,0.04172443340812679,0.007927447238403875,0.041178297146369204,0.007715539047791193
X22,幅度失准,0.05793515262469047,0.025133474909082538,0.3076303218134025,0.6727666666666667,100,0.04172443340812679,0.007927447238403875,0.041178297146369204,0.007715539047791193
X22,频率失准,0.04301003846105046,0.00749843036456231,0.07516915557148256,0.4330333333333333,100,0.04172443340812679,0.007927447238403875,0.041178297146369204,0.007715539047791193
X22,参考电平失准,0.04559465597420852,0.008900473755265221,0.008234728987342314,0.5272,100,0.04172443340812679,0.007927447238403875,0.041178297146369204,0.007715539047791193
X23,正常,0.0004443917949286988,0.00014062614028447946,0.10821863710952641,0.502,100,0.0002163345560213366,0.0006818706389248582,0.0004443917949286988,0.00014062614028447946
X23,幅度失准,0.002196667013292121,0.0021413874846663425,0.7244617799403267,0.9082333333333333,100,0.0002163345560213366,0.0006818706389248582,0.0004443917949286988,0.00014062614028447946
X23,频率失准,0.00022915415852773263,0.00018388154731621855,0.2758638397423121,0.1405,100,0.0002163345560213366,0.0006818706389248582,0.0004443917949286988,0.00014062614028447946
X23,参考电平失准,0.0004230903021711764,0.00020851033079175694,0.1202978674474768,0.4492666666666667,100,0.0002163345560213366,0.0006818706389248582,0.0004443917949286988,0.00014062614028447946
X24,正常,0.06254785811404473,0.014925946031789592,0.03548761654943426,0.6835,100,0.04823831782184003,0.007383045147865359,0.06254785811404473,0.014925946031789592
X24,幅度失准,0.16516740036381983,0.20984284977138185,0.2443155017162941,0.5673666666666667,100,0.04823831782184003,0.007383045147865359,0.06254785811404473,0.014925946031789592
X24,频率失准,0.07594636093563842,0.10913517158995875,0.0034062389219030715,0.5027,100,0.04823831782184003,0.007383045147865359,0.06254785811404473,0.014925946031789592
X24,参考电平失准,0.030458537114741713,0.012623276702509383,0.23893823205556053,0.24643333333333334,100,0.04823831782184003,0.007383045147865359,0.06254785811404473,0.014925946031789592
X25,正常,0.0004443917949286988,0.00014062614028447946,0.10759000920458482,0.4994333333333333,100,0.00020886493137409976,0.0006232778673296267,0.0004443917949286988,0.00014062614028447946
X25,幅度失准,0.0022021346794315463,0.002174071280709671,0.705817388888374,0.9076333333333333,100,0.00020886493137409976,0.0006232778673296267,0.0004443917949286988,0.00014062614028447946
X25,频率失准,0.00023489365729798594,0.00018540266970790853,0.2670545187953279,0.1464666666666667,100,0.00020886493137409976,0.0006232778673296267,0.0004443917949286988,0.00014062614028447946
X25,参考电平失准,0.0004230903021711764,0.00020851033079175694,0.11951693114324406,0.4464666666666668,100,0.00020886493137409976,0.0006232778673296267,0.0004443917949286988,0.00014062614028447946
X26,正常,0.0005593709857688844,0.000491565689572009,0.02327001491004022,0.4404666666666667,100,0.0004915218632859582,0.0004156092102021696,0.0005593709857688844,0.000491565689572009
X26,幅度失准,0.001025587507024201,0.000732940566392917,0.35204577498534,0.7284999999999999,100,0.0004915218632859582,0.0004156092102021696,0.0005593709857688844,0.000491565689572009
X26,频率失准,0.00041180249125173277,0.00028810268851658336,0.21382480926783673,0.35009999999999997,100,0.0004915218632859582,0.0004156092102021696,0.0005593709857688844,0.000491565689572009
X26,参考电平失准,0.0005913265586462648,0.00046208522925331646,0.009670805819083604,0.4809333333333333,100,0.0004915218632859582,0.0004156092102021696,0.0005593709857688844,0.000491565689572009
X27,正常,0.00022872390664959268,0.0001246312816753182,0.0002703060425809335,0.5805666666666668,100,0.00012715242773007212,8.995737624471356e-05,0.00022872390664959268,0.0001246312816753182
X27,幅度失准,0.00026095666019201397,0.00035500889335878444,0.015263726856687069,0.46280000000000004,100,0.00012715242773007212,8.995737624471356e-05,0.00022872390664959268,0.0001246312816753182
X27,频率失准,0.00016002429619688937,0.00013538990692358666,0.10191444021488667,0.33953333333333335,100,0.00012715242773007212,8.995737624471356e-05,0.00022872390664959268,0.0001246312816753182
X27,参考电平失准,0.00025172936795396907,0.00015255716770501952,0.015581598703795465,0.6171000000000001,100,0.00012715242773007212,8.995737624471356e-05,0.00022872390664959268,0.0001246312816753182
X28,正常,-0.05354262506691874,0.15068940203394293,0.4129312153572257,0.7229666666666666,100,-0.0010778424597112394,0.30773109490908873,-0.05354262506691874,0.15068940203394293
X28,幅度失准,-0.048287183653841555,0.22914264837321363,0.36696276872560313,0.7448000000000001,100,-0.0010778424597112394,0.30773109490908873,-0.05354262506691874,0.15068940203394293
X28,频率失准,-0.33874497858318103,0.21296363643284189,0.3152221278693676,0.27840000000000004,100,-0.0010778424597112394,0.30773109490908873,-0.05354262506691874,0.15068940203394293
X28,参考电平失准,-0.35961279311463,0.22508087361778958,0.4142622123305452,0.25383333333333336,100,-0.0010778424597112394,0.30773109490908873,-0.05354262506691874,0.15068940203394293
X29,正常,0.14580584875653327,0.7267954003008582,0.014414146736477989,0.5541666666666666,100,0.4001786121592046,0.6367560315581585,0.14580584875653327,0.7267954003008582
X29,幅度失准,0.10977519535727573,0.811021138754625,0.005328476857907482,0.5334333333333332,100,0.4001786121592046,0.6367560315581585,0.14580584875653327,0.7267954003008582
X29,频率失准,-0.05560925713009391,0.9300086909057866,0.013726969114860207,0.44753333333333334,100,0.4001786121592046,0.6367560315581585,0.14580584875653327,0.7267954003008582
X29,参考电平失准,-0.006916636429612559,0.6313481323022712,0.004966502286515408,0.4648666666666667,100,0.4001786121592046,0.6367560315581585,0.14580584875653327,0.7267954003008582
X3,正常,4.082573289902278e-12,2.9743668373915906e-12,4.111075460865314e-15,0.4651333333333334,100,0.00023685351570470052,0.00013081790927359482,4.082573289902278e-12,2.9743668373915906e-12
X3,幅度失准,1.214788273615636e-11,8.325611602140259e-12,7.614599416910415e-14,0.8451166666666667,100,0.00023685351570470052,0.00013081790927359482,4.082573289902278e-12,2.9743668373915906e-12
X3,频率失准,2.2656351791531176e-12,1.7412821263781235e-12,1.9803949537925022e-14,0.2474,100,0.00023685351570470052,0.00013081790927359482,4.082573289902278e-12,2.9743668373915906e-12
X3,参考电平失准,3.916938110749184e-12,2.9002353537811536e-12,5.055417788104813e-15,0.44235,100,0.00023685351570470052,0.00013081790927359482,4.082573289902278e-12,2.9743668373915906e-12
X30,正常,0.018036551466194164,0.006580483833765751,0.0583930588117486,0.5820000000000001,100,0.007911987694969973,0.013932667720272364,0.018036551466194164,0.006580483833765751
X30,幅度失准,0.05695237945295517,0.036644639875106876,1.4003830214480526,0.9199,100,0.007911987694969973,0.013932667720272364,0.018036551466194164,0.006580483833765751
X30,频率失准,0.007763065738200872,0.005174296580890024,0.5099964115461807,0.1443333333333333,100,0.007911987694969973,0.013932667720272364,0.018036551466194164,0.006580483833765751
X30,参考电平失准,0.012374159958674245,0.00624226068239089,0.24128571144756603,0.3537666666666667,100,0.007911987694969973,0.013932667720272364,0.018036551466194164,0.006580483833765751
X31,正常,0.00874379065611824,0.002970623216676038,0.04565526915360948,0.5443666666666667,100,0.006862334949106487,0.008744195445856334,0.00874379065611824,0.002970623216676038
X31,幅度失准,0.018792830645960844,0.018194737157771777,0.3342718829446987,0.6016666666666666,100,0.006862334949106487,0.008744195445856334,0.00874379065611824,0.002970623216676038
X31,频率失准,0.006032597483449748,0.0029806900382970867,0.26647877157171324,0.27746666666666664,100,0.006862334949106487,0.008744195445856334,0.00874379065611824,0.002970623216676038
X31,参考电平失准,0.00942199031025947,0.003919411513009908,0.01932028020933088,0.5765,100,0.006862334949106487,0.008744195445856334,0.00874379065611824,0.002970623216676038
X32,正常,-3.9022868940825104,0.3104191564035268,0.08774367229259586,0.5737666666666666,100,-1.9470261401914812,0.706044514593949,-3.9022868940825104,0.3104191564035268
X32,幅度失准,-9.887828095679417,9.54023625558825,0.4084850970336839,0.3437,100,-1.9470261401914812,0.706044514593949,-3.9022868940825104,0.3104191564035268
X32,频率失准,-3.036251354915631,0.882635808777729,0.23598509618735655,0.8156333333333333,100,-1.9470261401914812,0.706044514593949,-3.9022868940825104,0.3104191564035268
X32,参考电平失准,-4.369532108851,0.3106330794089606,0.03838712419547648,0.2669,100,-1.9470261401914812,0.706044514593949,-3.9022868940825104,0.3104191564035268
X33,正常,0.5199512093665606,0.05261744638817004,0.016013460429013023,0.5820333333333334,100,0.5486704259863868,0.06968925383091866,0.5199512093665606,0.05261744638817004
X33,幅度失准,0.4713238419282988,0.25678688007946876,0.028023600951313427,0.3063666666666667,100,0.5486704259863868,0.06968925383091866,0.5199512093665606,0.05261744638817004
X33,频率失准,0.520818705367964,0.05479867464249936,0.017743283994197223,0.6057999999999999,100,0.5486704259863868,0.06968925383091866,0.5199512093665606,0.05261744638817004
X33,参考电平失准,0.5050800749678439,0.05590949091286274,3.990738808001341e-05,0.5058,100,0.5486704259863868,0.06968925383091866,0.5199512093665606,0.05261744638817004
X34,正常,0.017616061669463175,0.003395403505424033,0.1076402531133191,0.4364,100,0.018129069238637642,0.0050764385257894415,0.017616061669463175,0.003395403505424033
X34,幅度失准,0.026990756749412606,0.011568966100261424,0.6322079954669894,0.7485333333333334,100,0.018129069238637642,0.0050764385257894415,0.017616061669463175,0.003395403505424033
X34,频率失准,0.016686235748205623,0.0022772903141806636,0.23433549862906783,0.32930000000000004,100,0.018129069238637642,0.0050764385257894415,0.017616061669463175,0.003395403505424033
X34,参考电平失准,0.018102572014394188,0.0033185040449455173,0.06543322928598333,0.48576666666666674,100,0.018129069238637642,0.0050764385257894415,0.017616061669463175,0.003395403505424033
X35,正常,0.00035678349023273576,1.3098961901265405e-05,0.02684925580272443,0.7695333333333334,100,0.00032074876054958483,6.926771374799261e-06,0.00035678349023273576,1.3098961901265405e-05
X35,幅度失准,0.0006786867447162251,0.0008142534353123032,0.18101098125705475,0.6484666666666667,100,0.00032074876054958483,6.926771374799261e-06,0.00035678349023273576,1.3098961901265405e-05
X35,频率失准,0.00030641401134263915,4.452342448881262e-05,0.08959106681968179,0.19433333333333333,100,0.00032074876054958483,6.926771374799261e-06,0.00035678349023273576,1.3098961901265405e-05
X35,参考电平失准,0.00033187431496136505,1.0738704397401315e-05,0.05328107972999548,0.38766666666666666,100,0.00032074876054958483,6.926771374799261e-06,0.00035678349023273576,1.3098961901265405e-05
X36,正常,0.8623480485504458,0.02804160508879981,6.620357000565558e-06,0.41750000000000004,100,0.8103305126894131,0.05804814496322186,0.8623480485504458,0.02804160508879981
X36,幅度失准,0.8547796332556782,0.16640054848105837,0.003386583973411799,0.6952666666666667,100,0.8103305126894131,0.05804814496322186,0.8623480485504458,0.02804160508879981
X36,频率失准,0.8617327525111286,0.028265752321098344,2.908572893329384e-05,0.3941666666666667,100,0.8103305126894131,0.05804814496322186,0.8623480485504458,0.02804160508879981
X36,参考电平失准,0.8697370256490666,0.029015348093692033,0.009645033072633815,0.4930666666666667,100,0.8103305126894131,0.05804814496322186,0.8623480485504458,0.02804160508879981
X37,正常,0.03523024019628676,0.0035965376878821366,0.044919744021290606,0.5161,100,0.030357329767135458,0.004912040733487431,0.03523024019628676,0.0035965376878821366
X37,幅度失准,0.04717087150591736,0.016288899662189403,0.6306983536679223,0.8177666666666668,100,0.030357329767135458,0.004912040733487431,0.03523024019628676,0.0035965376878821366
X37,频率失准,0.03181218293661374,0.003108143788284211,0.3670619234150454,0.2042,100,0.030357329767135458,0.004912040733487431,0.03523024019628676,0.0035965376878821366
X37,参考电平失准,0.03460246520688018,0.0038517096974490213,0.07804426558349077,0.46193333333333336,100,0.030357329767135458,0.004912040733487431,0.03523024019628676,0.0035965376878821366
X4,正常,0.0,0.0,0.0,0.5,100,0.03035732976713546,0.004912040733487431,0.0,0.0
X4,幅度失准,0.0,0.0,0.0,0.5,100,0.03035732976713546,0.004912040733487431,0.0,0.0
X4,频率失准,0.0,0.0,0.0,0.5,100,0.03035732976713546,0.004912040733487431,0.0,0.0
X4,参考电平失准,0.0,0.0,0.0,0.5,100,0.03035732976713546,0.004912040733487431,0.0,0.0
X5,正常,0.02328119954922658,0.0023823584579737555,0.0638587359187535,0.47943333333333327,100,0.27853944883296944,0.038656872249777034,0.02328119954922658,0.0023823584579737555
X5,幅度失准,0.03006245555003319,0.006221388382341179,1.272554726497853,0.8909333333333332,100,0.27853944883296944,0.038656872249777034,0.02328119954922658,0.0023823584579737555
X5,频率失准,0.021620396300723904,0.0021029489824472124,0.43101578065231877,0.24566666666666667,100,0.27853944883296944,0.038656872249777034,0.02328119954922658,0.0023823584579737555
X5,参考电平失准,0.022712517028180133,0.0024143921547089466,0.14613272137498803,0.38396666666666673,100,0.27853944883296944,0.038656872249777034,0.02328119954922658,0.0023823584579737555
X6,正常,0.0013613011999070606,0.0002810691240580832,0.13597160667871624,0.45086666666666664,100,0.0011525828213303094,0.0005750395750959169,0.0013613011999070606,0.0002810691240580832
X6,幅度失准,0.003369212134250086,0.002106921514936878,0.9568960768756649,0.9027000000000001,100,0.0011525828213303094,0.0005750395750959169,0.0013613011999070606,0.0002810691240580832
X6,频率失准,0.0011515194841155909,0.00023554503478444896,0.3074682943354878,0.21209999999999998,100,0.0011525828213303094,0.0005750395750959169,0.0013613011999070606,0.0002810691240580832
X6,参考电平失准,0.0013514735387679896,0.00030906964305770185,0.14163215233088244,0.43433333333333335,100,0.0011525828213303094,0.0005750395750959169,0.0013613011999070606,0.0002810691240580832
X7,正常,0.08597495402747589,0.0147286551195586,0.012339943319091589,0.5069,100,0.08687499999999976,0.013564084008881587,0.08597495402747589,0.0147286551195586
X7,幅度失准,0.10604732781479562,0.036875270326338014,0.3631278641098019,0.6975333333333334,100,0.08687499999999976,0.013564084008881587,0.08597495402747589,0.0147286551195586
X7,频率失准,0.0759504768560398,0.008663824689034033,0.3828591788706802,0.25156666666666666,100,0.08687499999999976,0.013564084008881587,0.08597495402747589,0.0147286551195586
X7,参考电平失准,0.08585605850737857,0.010336385788594613,0.014776608562132016,0.5439999999999999,100,0.08687499999999976,0.013564084008881587,0.08597495402747589,0.0147286551195586
X8,正常,0.029151541905949246,0.0032183965726536997,0.13348778112469525,0.4486,100,0.026433879573170692,0.005291892487571193,0.029151541905949246,0.0032183965726536997
X8,幅度失准,0.04521627900520811,0.014253592694879262,1.3385928834679492,0.9063,100,0.026433879573170692,0.005291892487571193,0.029151541905949246,0.0032183965726536997
X8,频率失准,0.026794269397146495,0.002650111365375976,0.4173412197529423,0.2131666666666667,100,0.026433879573170692,0.005291892487571193,0.029151541905949246,0.0032183965726536997
X8,参考电平失准,0.028947884898576436,0.0033465870638928205,0.15014687721980874,0.4319333333333333,100,0.026433879573170692,0.005291892487571193,0.029151541905949246,0.0032183965726536997
X9,正常,0.0012541003230591317,0.00025441175811157575,0.055884576938941034,0.516,100,0.0009456956147580484,0.00030891557322728676,0.0012541003230591317,0.00025441175811157575
X9,幅度失准,0.0024903785779540567,0.00198292582597038,0.44040095703838816,0.8178333333333334,100,0.0009456956147580484,0.00030891557322728676,0.0012541003230591317,0.00025441175811157575
X9,频率失准,0.0010216717628129448,0.00020919558705304687,0.22693000678615138,0.20423333333333335,100,0.0009456956147580484,0.00030891557322728676,0.0012541003230591317,0.00025441175811157575
X9,参考电平失准,0.0012121746527608643,0.00026539587132454716,0.0773186211265278,0.46193333333333336,100,0.0009456956147580484,0.00030891557322728676,0.0012541003230591317,0.00025441175811157575
band_offset_db_1,正常,-0.005328519429219094,0.020712230995542896,0.03186829823682085,0.4279666666666667,100,-0.00023437499999989786,0.02794462559436745,-0.005328519429219094,0.020712230995542896
band_offset_db_1,幅度失准,0.010136842766392692,0.0494142952740662,0.07022536976422103,0.6026333333333332,100,-0.00023437499999989786,0.02794462559436745,-0.005328519429219094,0.020712230995542896
band_offset_db_1,频率失准,-0.0010580831068717521,0.011500445983710824,0.0009052695320924013,0.5172,100,-0.00023437499999989786,0.02794462559436745,-0.005328519429219094,0.020712230995542896
band_offset_db_1,参考电平失准,-0.00479710684191077,0.017737791666200448,0.026924874763661375,0.45219999999999994,100,-0.00023437499999989786,0.02794462559436745,-0.005328519429219094,0.020712230995542896
band_offset_db_2,正常,-0.0005538070169316356,0.006382726935499675,0.033410312445404364,0.43976666666666675,100,-0.0007031250000000822,0.011247558328782763,-0.0005538070169316356,0.006382726935499675
band_offset_db_2,幅度失准,0.009847322969733572,0.02682434665068445,0.14922579165789976,0.6887666666666666,100,-0.0007031250000000822,0.011247558328782763,-0.0005538070169316356,0.006382726935499675
band_offset_db_2,频率失准,-0.0005915559820680017,0.0045465171310837766,0.035938683305815816,0.4440666666666666,100,-0.0007031250000000822,0.011247558328782763,-0.0005538070169316356,0.006382726935499675
band_offset_db_2,参考电平失准,-0.001059244027460462,0.005573792923724867,0.04969901506873387,0.42740000000000006,100,-0.0007031250000000822,0.011247558328782763,-0.0005538070169316356,0.006382726935499675
band_offset_db_3,正常,-0.0005167479863278768,0.008733723435297316,0.002307997118267438,0.49019999999999997,100,2.7755575615628914e-16,0.006285057925349294,-0.0005167479863278768,0.008733723435297316
band_offset_db_3,幅度失准,0.002049651101437204,0.022387025518092935,0.012179887456681505,0.4976333333333333,100,2.7755575615628914e-16,0.006285057925349294,-0.0005167479863278768,0.008733723435297316
band_offset_db_3,频率失准,-0.0006959134850712623,0.005952123165252271,0.004300620635485955,0.48219999999999996,100,2.7755575615628914e-16,0.006285057925349294,-0.0005167479863278768,0.008733723435297316
band_offset_db_3,参考电平失准,-0.0004896564749622723,0.008469404262454672,0.0021283437918213485,0.5299666666666667,100,2.7755575615628914e-16,0.006285057925349294,-0.0005167479863278768,0.008733723435297316
band_offset_db_4,正常,0.0016070886210095736,0.007603670946814424,0.1819859019382142,0.6601,100,0.0004687500000002953,0.010098392895034978,0.0016070886210095736,0.007603670946814424
band_offset_db_4,幅度失准,-0.014615053491678348,0.022249808450470768,0.36845868798646275,0.30623333333333336,100,0.0004687500000002953,0.010098392895034978,0.0016070886210095736,0.007603670946814424
band_offset_db_4,频率失准,-0.001445900747153317,0.004866592544683711,0.03792528617641199,0.5102,100,0.0004687500000002953,0.010098392895034978,0.0016070886210095736,0.007603670946814424
band_offset_db_4,参考电平失准,-0.0012126149342844173,0.009180672644235829,0.039870764738344854,0.5234666666666666,100,0.0004687500000002953,0.010098392895034978,0.0016070886210095736,0.007603670946814424
compress_ratio,正常,0.19999999999999996,5.551115123125783e-17,0.02131842600135924,0.515,100,0.1548971036585366,0.04251736847850493,0.19999999999999996,5.551115123125783e-17
compress_ratio,幅度失准,0.19337804878048778,0.02562035494963701,0.0668037755616413,0.455,100,0.1548971036585366,0.04251736847850493,0.19999999999999996,5.551115123125783e-17
compress_ratio,频率失准,0.19999999999999996,5.551115123125783e-17,0.02131842600135924,0.515,100,0.1548971036585366,0.04251736847850493,0.19999999999999996,5.551115123125783e-17
compress_ratio,参考电平失准,0.19999999999999996,5.551115123125783e-17,0.02131842600135924,0.515,100,0.1548971036585366,0.04251736847850493,0.19999999999999996,5.551115123125783e-17
compress_ratio_high,正常,0.19999999999999996,5.551115123125783e-17,0.02451903034105421,0.5166666666666667,100,0.1454449152542373,0.049584305990941074,0.19999999999999996,5.551115123125783e-17
compress_ratio_high,幅度失准,0.19220338983050847,0.028033303951234375,0.07735039141076427,0.45,100,0.1454449152542373,0.049584305990941074,0.19999999999999996,5.551115123125783e-17
compress_ratio_high,频率失准,0.19999999999999996,5.551115123125783e-17,0.02451903034105421,0.5166666666666667,100,0.1454449152542373,0.049584305990941074,0.19999999999999996,5.551115123125783e-17
compress_ratio_high,参考电平失准,0.19999999999999996,5.551115123125783e-17,0.02451903034105421,0.5166666666666667,100,0.1454449152542373,0.049584305990941074,0.19999999999999996,5.551115123125783e-17
env_overrun_max,正常,0.00046077756115719737,0.002475995049292847,0.12034176422131863,0.4204,100,0.0,0.0,0.00046077756115719737,0.002475995049292847
env_overrun_max,幅度失准,0.02268986908471117,0.032613577782949404,0.44587342049689066,0.7421666666666666,100,0.0,0.0,0.00046077756115719737,0.002475995049292847
env_overrun_max,频率失准,0.0016063395447160466,0.007455668508920116,0.0714492945914418,0.44120000000000004,100,0.0,0.0,0.00046077756115719737,0.002475995049292847
env_overrun_max,参考电平失准,2.786185008721631e-05,0.0001974830919523035,0.1410377686549417,0.3962333333333333,100,0.0,0.0,0.00046077756115719737,0.002475995049292847
env_overrun_mean,正常,1.6377876139675766e-06,1.2090892069968887e-05,0.03650224301152926,0.42023333333333335,100,0.0,0.0,1.6377876139675766e-06,1.2090892069968887e-05
env_overrun_mean,幅度失准,0.0014046506524337293,0.004112129578398761,0.1158495981424873,0.7423666666666666,100,0.0,0.0,1.6377876139675766e-06,1.2090892069968887e-05
env_overrun_mean,频率失准,1.2648991114239309e-05,8.931665648770423e-05,0.034213023859453774,0.4406333333333334,100,0.0,0.0,1.6377876139675766e-06,1.2090892069968887e-05
env_overrun_mean,参考电平失准,3.0297816480869903e-07,2.146751491424175e-06,0.036781797281045636,0.39676666666666666,100,0.0,0.0,1.6377876139675766e-06,1.2090892069968887e-05
env_overrun_rate,正常,0.00020731707317073167,0.0011184329778741462,0.07187537742055496,0.42081666666666667,100,0.0,0.0,0.00020731707317073167,0.0011184329778741462
env_overrun_rate,幅度失准,0.044890243902439016,0.09066623244040495,0.24010955583681054,0.7396333333333334,100,0.0,0.0,0.00020731707317073167,0.0011184329778741462
env_overrun_rate,频率失准,0.0007560975609756099,0.003645423654781916,0.06481827584561788,0.4410333333333334,100,0.0,0.0,0.00020731707317073167,0.0011184329778741462
env_overrun_rate,参考电平失准,0.0003658536585365854,0.002702258512946383,0.06975792883553326,0.3985166666666667,100,0.0,0.0,0.00020731707317073167,0.0011184329778741462
freq_shift_score,正常,0.17345396069904775,0.053439390110075057,0.008425055953847831,0.55,100,0.0666477415868317,0.11530861102181826,0.17345396069904775,0.053439390110075057
freq_shift_score,幅度失准,0.31961659675042015,0.15042682716592326,1.1842825814853293,0.8737333333333333,100,0.0666477415868317,0.11530861102181826,0.17345396069904775,0.053439390110075057
freq_shift_score,频率失准,0.09211927780934927,0.06111912962119612,0.7646369702970963,0.15316666666666667,100,0.0666477415868317,0.11530861102181826,0.17345396069904775,0.053439390110075057
freq_shift_score,参考电平失准,0.15006940680889136,0.07120399055100055,0.08553100135146288,0.42310000000000003,100,0.0666477415868317,0.11530861102181826,0.17345396069904775,0.053439390110075057
global_offset_db,正常,-1.7763568394002505e-17,2.1683198553528093e-16,5.609677548238307e-25,0.48786666666666667,100,1.3877787807814457e-17,1.1015152586160387e-16,-1.7763568394002505e-17,2.1683198553528093e-16
global_offset_db,幅度失准,-8.881784197001253e-18,3.8704610306973784e-16,1.4024193870595768e-25,0.49393333333333334,100,1.3877787807814457e-17,1.1015152586160387e-16,-1.7763568394002505e-17,2.1683198553528093e-16
global_offset_db,频率失准,3.552713678800501e-17,4.150749591342134e-16,2.243871019295323e-24,0.5242666666666667,100,1.3877787807814457e-17,1.1015152586160387e-16,-1.7763568394002505e-17,2.1683198553528093e-16
global_offset_db,参考电平失准,-8.881784197001253e-18,4.440003831245316e-16,1.4024193870595768e-25,0.4939333333333334,100,1.3877787807814457e-17,1.1015152586160387e-16,-1.7763568394002505e-17,2.1683198553528093e-16
high_low_energy_ratio,正常,3.320955772642991,4.814708527035714,0.04799265493178031,0.4323666666666667,100,0.35918206089001337,0.3703624708205983,3.320955772642991,4.814708527035714
high_low_energy_ratio,幅度失准,2.59074306388551,5.694980924974807,0.05631966053599493,0.3352666666666666,100,0.35918206089001337,0.3703624708205983,3.320955772642991,4.814708527035714
high_low_energy_ratio,频率失准,20.55765286675164,77.64340900409958,0.018635639719471735,0.6005666666666667,100,0.35918206089001337,0.3703624708205983,3.320955772642991,4.814708527035714
high_low_energy_ratio,参考电平失准,21.865666883481698,46.5903917649426,0.03985998510648204,0.6318,100,0.35918206089001337,0.3703624708205983,3.320955772642991,4.814708527035714
mod_[RF板][Mixer1],正常,0.009064443944136587,9.013887592422957e-19,0.2118536296101644,0.35813333333333336,100,0.0,0.0,0.009064443944136587,9.013887592422957e-19
mod_[RF板][Mixer1],幅度失准,0.013565910845596751,0.013501387137268306,0.030196528788375733,0.4902833333333334,100,0.0,0.0,0.009064443944136587,9.013887592422957e-19
mod_[RF板][Mixer1],频率失准,0.03593821909434084,0.03093139303461088,0.6292855926584632,0.7552000000000001,100,0.0,0.0,0.009064443944136587,9.013887592422957e-19
mod_[RF板][Mixer1],参考电平失准,0.009103219541765047,0.00038581232506617566,0.20961724866315207,0.3963833333333333,100,0.0,0.0,0.009064443944136587,9.013887592422957e-19
mod_[RF板][Mixer2],正常,0.0,0.0,0.0,0.5,100,0.0,0.0,0.0,0.0
mod_[RF板][Mixer2],幅度失准,0.0,0.0,0.0,0.5,100,0.0,0.0,0.0,0.0
mod_[RF板][Mixer2],频率失准,0.0,0.0,0.0,0.5,100,0.0,0.0,0.0,0.0
mod_[RF板][Mixer2],参考电平失准,0.0,0.0,0.0,0.5,100,0.0,0.0,0.0,0.0
mod_[RF板][RF] 低频通路固定滤波/抑制网络,正常,0.00891584650242943,9.813077866773594e-19,0.21185361585232598,0.35319999999999996,100,0.0,0.0,0.00891584650242943,9.813077866773594e-19
mod_[RF板][RF] 低频通路固定滤波/抑制网络,幅度失准,0.0133435188645214,0.013280052921903256,0.03019652725410605,0.5033166666666667,100,0.0,0.0,0.00891584650242943,9.813077866773594e-19
mod_[RF板][RF] 低频通路固定滤波/抑制网络,频率失准,0.03534906796164673,0.03042432101765005,0.6292855719633612,0.744,100,0.0,0.0,0.00891584650242943,9.813077866773594e-19
mod_[RF板][RF] 低频通路固定滤波/抑制网络,参考电平失准,0.008953986434522993,0.000379487532851976,0.20961723506024993,0.39948333333333336,100,0.0,0.0,0.00891584650242943,9.813077866773594e-19
mod_[RF板][RF] 步进衰减器/ATT,正常,0.0,0.0,0.0,0.5,100,0.0,0.0,0.0,0.0
mod_[RF板][RF] 步进衰减器/ATT,幅度失准,0.0,0.0,0.0,0.5,100,0.0,0.0,0.0,0.0
mod_[RF板][RF] 步进衰减器/ATT,频率失准,0.0,0.0,0.0,0.5,100,0.0,0.0,0.0,0.0
mod_[RF板][RF] 步进衰减器/ATT,参考电平失准,0.0,0.0,0.0,0.5,100,0.0,0.0,0.0,0.0
mod_[RF板][RF] 输入连接/匹配/保护,正常,0.3274627154018796,2.3551386880256626e-17,0.21185308809547057,0.6100666666666666,100,0.0,0.0,0.3274627154018796,2.3551386880256626e-17
mod_[RF板][RF] 输入连接/匹配/保护,幅度失准,0.32450923583880703,0.008858461442894974,0.030196468398802693,0.48963333333333325,100,0.0,0.0,0.3274627154018796,2.3551386880256626e-17
mod_[RF板][RF] 输入连接/匹配/保护,频率失准,0.30983043076528927,0.02029454824058687,0.629284778088965,0.2413833333333333,100,0.0,0.0,0.3274627154018796,2.3551386880256626e-17
mod_[RF板][RF] 输入连接/匹配/保护,参考电平失准,0.32743727415402674,0.00025313721997930117,0.20961671324681488,0.6589166666666667,100,0.0,0.0,0.3274627154018796,2.3551386880256626e-17
mod_[RF板][YTF],正常,0.0,0.0,0.0,0.5,100,0.0,0.0,0.0,0.0
mod_[RF板][YTF],幅度失准,0.0,0.0,0.0,0.5,100,0.0,0.0,0.0,0.0
mod_[RF板][YTF],频率失准,0.0,0.0,0.0,0.5,100,0.0,0.0,0.0,0.0
mod_[RF板][YTF],参考电平失准,0.0,0.0,0.0,0.5,100,0.0,0.0,0.0,0.0
mod_[数字中频板][ADC],正常,0.07760114445460864,1.1274368112207334e-17,0.21185147365942703,0.6579333333333333,100,0.0,0.0,0.07760114445460864,1.1274368112207334e-17
mod_[数字中频板][ADC],幅度失准,0.07580302338449728,0.00539315943417864,0.03019628835693191,0.4989666666666666,100,0.0,0.0,0.07760114445460864,1.1274368112207334e-17
mod_[数字中频板][ADC],频率失准,0.06686635457637073,0.012355614461007958,0.6292823495731769,0.24071666666666672,100,0.0,0.0,0.07760114445460864,1.1274368112207334e-17
mod_[数字中频板][ADC],参考电平失准,0.07758565545499403,0.0001541136002988534,0.2096151169919812,0.6023833333333334,100,0.0,0.0,0.07760114445460864,1.1274368112207334e-17
mod_[数字中频板][RBW],正常,0.07163182565040796,2.1454539303106682e-17,0.2118510283053954,0.6272500000000001,100,0.0,0.0,0.07163182565040796,2.1454539303106682e-17
mod_[数字中频板][RBW],幅度失准,0.06997202158568978,0.004978301016164898,0.030196238690955297,0.5413166666666667,100,0.0,0.0,0.07163182565040796,2.1454539303106682e-17
mod_[数字中频板][RBW],频率失准,0.06172278883972681,0.01140518257939196,0.6292816796460666,0.23913333333333334,100,0.0,0.0,0.07163182565040796,2.1454539303106682e-17
mod_[数字中频板][RBW],参考电平失准,0.07161752811230217,0.0001422587079681717,0.20961467665336672,0.5923,100,0.0,0.0,0.07163182565040796,2.1454539303106682e-17
mod_[数字中频板][VBW],正常,0.059693188042006656,7.144028522217821e-18,0.21184970365543607,0.609,100,0.0,0.0,0.059693188042006656,7.144028522217821e-18
mod_[数字中频板][VBW],幅度失准,0.058310017988074836,0.004148584180137415,0.03019609096544015,0.5103166666666666,100,0.0,0.0,0.059693188042006656,7.144028522217821e-18
mod_[数字中频板][VBW],频率失准,0.05143565736643903,0.009504318816159967,0.6292796870232851,0.2611833333333333,100,0.0,0.0,0.059693188042006656,7.144028522217821e-18
mod_[数字中频板][VBW],参考电平失准,0.059681273426918494,0.00011854892330680897,0.2096133669211366,0.6194999999999999,100,0.0,0.0,0.059693188042006656,7.144028522217821e-18
mod_[数字中频板][检波/对数],正常,0.08357046325880929,2.063081476116683e-17,0.2118518270355476,0.6130833333333333,100,0.0,0.0,0.08357046325880929,2.063081476116683e-17
mod_[数字中频板][检波/对数],幅度失准,0.08163402518330477,0.005808017852192381,0.030196327765479793,0.5511333333333334,100,0.0,0.0,0.08357046325880929,2.063081476116683e-17
mod_[数字中频板][检波/对数],频率失准,0.07200992031301462,0.013306046342623954,0.6292828811408515,0.24835000000000002,100,0.0,0.0,0.08357046325880929,2.063081476116683e-17
mod_[数字中频板][检波/对数],参考电平失准,0.08355378279768588,0.00016596849262953315,0.2096154663885073,0.5874333333333334,100,0.0,0.0,0.08357046325880929,2.063081476116683e-17
mod_[时钟板][参考分配],正常,0.007281274643650701,8.759924156160197e-19,0.21185340457588947,0.35556666666666664,100,0.0,0.0,0.007281274643650701,8.759924156160197e-19
mod_[时钟板][参考分配],幅度失准,0.010897207072692478,0.010845376552887656,0.030196503692621997,0.4938833333333334,100,0.0,0.0,0.007281274643650701,8.759924156160197e-19
mod_[时钟板][参考分配],频率失准,0.028868405502011488,0.02484652883108087,0.6292852541525547,0.7618666666666667,100,0.0,0.0,0.007281274643650701,8.759924156160197e-19
mod_[时钟板][参考分配],参考电平失准,0.007312422254860447,0.00030991481849578043,0.2096170261631364,0.3886833333333333,100,0.0,0.0,0.007281274643650701,8.759924156160197e-19
mod_[时钟板][参考域] 10MHz基准,正常,0.007281274643650701,8.759924156160197e-19,0.21185340457588947,0.35556666666666664,100,0.0,0.0,0.007281274643650701,8.759924156160197e-19
mod_[时钟板][参考域] 10MHz基准,幅度失准,0.010897207072692478,0.010845376552887656,0.030196503692621997,0.4938833333333334,100,0.0,0.0,0.007281274643650701,8.759924156160197e-19
mod_[时钟板][参考域] 10MHz基准,频率失准,0.028868405502011488,0.02484652883108087,0.6292852541525547,0.7618666666666667,100,0.0,0.0,0.007281274643650701,8.759924156160197e-19
mod_[时钟板][参考域] 10MHz基准,参考电平失准,0.007312422254860447,0.00030991481849578043,0.2096170261631364,0.3886833333333333,100,0.0,0.0,0.007281274643650701,8.759924156160197e-19
mod_[校准链路][校准源],正常,0.02975302501833178,5.540262492758946e-18,0.2118365896544896,0.6304000000000001,100,0.0,0.0,0.02975302501833178,5.540262492758946e-18
mod_[校准链路][校准源],幅度失准,0.029063608108813047,0.0020677891892023448,0.030194628464906413,0.52655,100,0.0,0.0,0.02975302501833178,5.540262492758946e-18
mod_[校准链路][校准源],频率失准,0.025637203350256117,0.004737261399414831,0.6292599594448026,0.23011666666666672,100,0.0,0.0,0.02975302501833178,5.540262492758946e-18
mod_[校准链路][校准源],参考电平失准,0.02974708638693296,5.908863635431465e-05,0.2096004006046894,0.6129333333333333,100,0.0,0.0,0.02975302501833178,5.540262492758946e-18
mod_[校准链路][校准表/存储],正常,0.02231476876374883,7.169257659676792e-18,0.21182301997890962,0.6440333333333333,100,0.0,0.0,0.02231476876374883,7.169257659676792e-18
mod_[校准链路][校准表/存储],幅度失准,0.021797706081609785,0.0015508418919017585,0.030193115105118663,0.5003333333333334,100,0.0,0.0,0.02231476876374883,7.169257659676792e-18
mod_[校准链路][校准表/存储],频率失准,0.019227902512692085,0.003552946049561123,0.6292395451193249,0.22798333333333332,100,0.0,0.0,0.02231476876374883,7.169257659676792e-18
mod_[校准链路][校准表/存储],参考电平失准,0.02231031479019972,4.431647726573603e-05,0.20958698374402615,0.62765,100,0.0,0.0,0.02231476876374883,7.169257659676792e-18
mod_[校准链路][校准路径开关/耦合],正常,0.05950605003666356,1.1080524985517892e-17,0.21184967634545349,0.6304000000000001,100,0.0,0.0,0.05950605003666356,1.1080524985517892e-17
mod_[校准链路][校准路径开关/耦合],幅度失准,0.05812721621762609,0.0041355783784046895,0.030196087919814815,0.52655,100,0.0,0.0,0.05950605003666356,1.1080524985517892e-17
mod_[校准链路][校准路径开关/耦合],频率失准,0.05127440670051223,0.009474522798829661,0.6292796459417475,0.23011666666666672,100,0.0,0.0,0.05950605003666356,1.1080524985517892e-17
mod_[校准链路][校准路径开关/耦合],参考电平失准,0.05949417277386592,0.0001181772727086293,0.20961333991870953,0.6129333333333333,100,0.0,0.0,0.05950605003666356,1.1080524985517892e-17
mod_中频放大器,正常,0.12535569488821394,3.4888217564856093e-17,0.21185305586292769,0.6106333333333334,100,0.0,0.0,0.12535569488821394,3.4888217564856093e-17
mod_中频放大器,幅度失准,0.12245103777495712,0.008712026778288575,0.03019646480423647,0.5477666666666667,100,0.0,0.0,0.12535569488821394,3.4888217564856093e-17
mod_中频放大器,频率失准,0.10801488046952194,0.01995906951393593,0.6292847296033263,0.2429166666666667,100,0.0,0.0,0.12535569488821394,3.4888217564856093e-17
mod_中频放大器,参考电平失准,0.1253306741965288,0.00024895273894430097,0.20961668137725986,0.5986833333333332,100,0.0,0.0,0.12535569488821394,3.4888217564856093e-17
mod_前置放大器,正常,0.0,0.0,0.0,0.5,100,0.0,0.0,0.0,0.0
mod_前置放大器,幅度失准,0.0,0.0,0.0,0.5,100,0.0,0.0,0.0,0.0
mod_前置放大器,频率失准,0.0,0.0,0.0,0.5,100,0.0,0.0,0.0,0.0
mod_前置放大器,参考电平失准,0.0,0.0,0.0,0.5,100,0.0,0.0,0.0,0.0
mod_数字放大器,正常,0.10744773847561195,1.5577778178957092e-17,0.2118527008668885,0.6246333333333334,100,0.0,0.0,0.10744773847561195,1.5577778178957092e-17
mod_数字放大器,幅度失准,0.10495803237853467,0.007467451524247348,0.030196425215134423,0.5012500000000001,100,0.0,0.0,0.10744773847561195,1.5577778178957092e-17
mod_数字放大器,频率失准,0.09258418325959022,0.017107773869087937,0.6292841956019409,0.2578,100,0.0,0.0,0.10744773847561195,1.5577778178957092e-17
mod_数字放大器,参考电平失准,0.10742629216845327,0.0002133880619522585,0.20961633037906402,0.6163166666666667,100,0.0,0.0,0.10744773847561195,1.5577778178957092e-17
mod_本振源(谐波发生器),正常,0.0031205462758503,3.274218758650567e-19,0.21185058524759245,0.3724166666666667,100,0.0,0.0,0.0031205462758503,3.274218758650567e-19
mod_本振源(谐波发生器),幅度失准,0.004670231602582489,0.004648018522666138,0.03019618928100901,0.4680166666666666,100,0.0,0.0,0.0031205462758503,3.274218758650567e-19
mod_本振源(谐波发生器),频率失准,0.012372173786576355,0.010648512356177517,0.6292810131716878,0.7615333333333334,100,0.0,0.0,0.0031205462758503,3.274218758650567e-19
mod_本振源(谐波发生器),参考电平失准,0.003133895252083048,0.00013282063649819166,0.20961423858512412,0.39803333333333335,100,0.0,0.0,0.0031205462758503,3.274218758650567e-19
offset_db,正常,0.00360179760558764,0.014014729431508624,0.1093094376247242,0.6734,100,-0.013632812500000133,0.04573014358948415,0.00360179760558764,0.014014729431508624
offset_db,幅度失准,0.0009065898585383448,0.0032303191438661522,0.05627963503802094,0.45643333333333336,100,-0.013632812500000133,0.04573014358948415,0.00360179760558764,0.014014729431508624
offset_db,频率失准,0.0034016067076309575,0.0024924273592541696,0.11654925867122261,0.7001666666666666,100,-0.013632812500000133,0.04573014358948415,0.00360179760558764,0.014014729431508624
offset_db,参考电平失准,-0.027675293725092455,0.04856772222681369,0.3779034872513225,0.17000000000000004,100,-0.013632812500000133,0.04573014358948415,0.00360179760558764,0.014014729431508624
offset_slope,正常,0.0006425723353815716,0.002064931314707663,0.15489975364860528,0.6575666666666667,100,0.000272946571194225,0.004366626782869964,0.0006425723353815716,0.002064931314707663
offset_slope,幅度失准,-0.005093535789298122,0.008052046053194019,0.4119864621002273,0.2694,100,0.000272946571194225,0.004366626782869964,0.0006425723353815716,0.002064931314707663
offset_slope,频率失准,-0.00010001438891565,0.0014239220875874824,0.05152347378035329,0.5151666666666667,100,0.000272946571194225,0.004366626782869964,0.0006425723353815716,0.002064931314707663
offset_slope,参考电平失准,0.0001848725557314643,0.0025006357391764906,0.07945881684817176,0.5578666666666667,100,0.000272946571194225,0.004366626782869964,0.0006425723353815716,0.002064931314707663
ripple_hp,正常,0.006539471594520243,0.0008428208965950629,0.012140251475373561,0.6955333333333333,100,0.005519378660492314,0.00041474531782179324,0.006539471594520243,0.0008428208965950629
ripple_hp,幅度失准,0.012289530449469453,0.014622225915560007,0.2013239301595942,0.5723666666666667,100,0.005519378660492314,0.00041474531782179324,0.006539471594520243,0.0008428208965950629
ripple_hp,频率失准,0.006054169272599187,0.0032409762975630085,0.030081942355693517,0.4824333333333333,100,0.005519378660492314,0.00041474531782179324,0.006539471594520243,0.0008428208965950629
ripple_hp,参考电平失准,0.004365679021817596,0.0010186818140410817,0.18360203978420273,0.24966666666666668,100,0.005519378660492314,0.00041474531782179324,0.006539471594520243,0.0008428208965950629
shape_rmse,正常,0.020822362678185744,0.0032895299704967236,0.07148856032252843,0.49766666666666665,100,0.011761630272094682,0.008831682136710003,0.020822362678185744,0.0032895299704967236
shape_rmse,幅度失准,0.04239267200134646,0.019989139371787815,1.340472743861673,0.9073333333333333,100,0.011761630272094682,0.008831682136710003,0.020822362678185744,0.0032895299704967236
shape_rmse,频率失准,0.014351676137789935,0.005629909035511915,0.6224070949354285,0.14986666666666665,100,0.011761630272094682,0.008831682136710003,0.020822362678185744,0.0032895299704967236
shape_rmse,参考电平失准,0.019870628047572416,0.005314926449745584,0.11217214120162529,0.4451333333333334,100,0.011761630272094682,0.008831682136710003,0.020822362678185744,0.0032895299704967236
switch_step_mean_abs,正常,0.0,0.0,0.0,0.5,100,0.0,0.0,0.0,0.0
switch_step_mean_abs,幅度失准,0.0,0.0,0.0,0.5,100,0.0,0.0,0.0,0.0
switch_step_mean_abs,频率失准,0.0,0.0,0.0,0.5,100,0.0,0.0,0.0,0.0
switch_step_mean_abs,参考电平失准,0.0,0.0,0.0,0.5,100,0.0,0.0,0.0,0.0
switch_step_std,正常,0.0,0.0,0.0,0.5,100,0.0,0.0,0.0,0.0
switch_step_std,幅度失准,0.0,0.0,0.0,0.5,100,0.0,0.0,0.0,0.0
switch_step_std,频率失准,0.0,0.0,0.0,0.5,100,0.0,0.0,0.0,0.0
switch_step_std,参考电平失准,0.0,0.0,0.0,0.5,100,0.0,0.0,0.0,0.0
tail_asym,正常,-0.005931426834820066,0.01139979192232143,0.2944093605041317,0.7074666666666667,100,-0.00023632812499978017,0.007018708161171261,-0.005931426834820066,0.01139979192232143
tail_asym,幅度失准,-0.011364120894480318,0.03298152815678151,0.040371558524655383,0.6868000000000001,100,-0.00023632812499978017,0.007018708161171261,-0.005931426834820066,0.01139979192232143
tail_asym,频率失准,-0.018281723062298156,0.014308449449996513,0.003139705598960682,0.4096666666666666,100,-0.00023632812499978017,0.007018708161171261,-0.005931426834820066,0.01139979192232143
tail_asym,参考电平失准,-0.03264467392705151,0.017989689796815173,0.5247475720699316,0.19606666666666667,100,-0.00023632812499978017,0.007018708161171261,-0.005931426834820066,0.01139979192232143
viol_energy_aligned,正常,1.6377876139675766e-06,1.2090892069968887e-05,0.03650224301152926,0.42023333333333335,100,0.2018880156186028,0.1163379367840786,1.6377876139675766e-06,1.2090892069968887e-05
viol_energy_aligned,幅度失准,0.0014046506524337293,0.004112129578398761,0.1158495981424873,0.7423666666666666,100,0.2018880156186028,0.1163379367840786,1.6377876139675766e-06,1.2090892069968887e-05
viol_energy_aligned,频率失准,1.2648991114239309e-05,8.931665648770423e-05,0.034213023859453774,0.4406333333333334,100,0.2018880156186028,0.1163379367840786,1.6377876139675766e-06,1.2090892069968887e-05
viol_energy_aligned,参考电平失准,3.0297816480869903e-07,2.146751491424175e-06,0.036781797281045636,0.39676666666666666,100,0.2018880156186028,0.1163379367840786,1.6377876139675766e-06,1.2090892069968887e-05
viol_rate_aligned,正常,0.00020731707317073167,0.0011184329778741462,0.07187537742055496,0.42081666666666667,100,0.0011432926829268292,0.007730552517245564,0.00020731707317073167,0.0011184329778741462
viol_rate_aligned,幅度失准,0.044890243902439016,0.09066623244040495,0.24010955583681054,0.7396333333333334,100,0.0011432926829268292,0.007730552517245564,0.00020731707317073167,0.0011184329778741462
viol_rate_aligned,频率失准,0.0007560975609756099,0.003645423654781916,0.06481827584561788,0.4410333333333334,100,0.0011432926829268292,0.007730552517245564,0.00020731707317073167,0.0011184329778741462
viol_rate_aligned,参考电平失准,0.0003658536585365854,0.002702258512946383,0.06975792883553326,0.3985166666666667,100,0.0011432926829268292,0.007730552517245564,0.00020731707317073167,0.0011184329778741462
